{
    "30 Days": "30 Days",
    "365 Days": "365 Days",
    "60 Days": "60 Days",
    "90 Days": "90 Days",
    "A new verification link has been sent to the email address you provided during registration.": "A new verification link has been sent to the email address you provided during registration.",
    "Already registered?": "Already registered?",
    "Attendance": "Attendance",
    "Choose a project": "Choose a project",
    "Close": "Close",
    "Confirm": "Confirm",
    "Confirm Password": "Confirm Password",
    "Dashboard": "Dashboard",
    "Do you really want to leave? You have unsaved changes.": "Do you really want to leave? You have unsaved changes.",
    "Email": "Email",
    "Email Password Reset Link": "Email Password Reset Link",
    "Employee": "Employee",
    "Forgot your password?": "Forgot your password?",
    "Forgot your password? No problem. Just let us know your email address and we will email you a password reset link that will allow you to choose a new one.": "Forgot your password? No problem. Just let us know your email address and we will email you a password reset link that will allow you to choose a new one.",
    "ID": "ID",
    "Log in": "Log in",
    "Log out": "Log out",
    "Month To Date": "Month To Date",
    "Name": "Name",
    "Nova": "Nova",
    "Password": "Password",
    "Person": "Person",
    "Quarter To Date": "Quarter To Date",
    "Register": "Register",
    "Remember me": "Remember me",
    "Resend Verification Email": "Resend Verification Email",
    "Reset Password": "Reset Password",
    "SKU": "SKU",
    "Thanks for signing up! Before getting started, could you verify your email address by clicking on the link we just emailed to you? If you didn't receive the email, we will gladly send you another.": "Thanks for signing up! Before getting started, could you verify your email address by clicking on the link we just emailed to you? If you didn't receive the email, we will gladly send you another.",
    "This is a secure area of the application. Please confirm your password before continuing.": "This is a secure area of the application. Please confirm your password before continuing.",
    "Today": "Today",
    "Whoops! Something went wrong.": "Whoops! Something went wrong.",
    "Year To Date": "Year To Date"
}
